userid,rank-type,contest1,contest2,contest3,contest4,contest5,contest6,contest7,contest8,contest9,contest10
3143927301,Candidate Master,2078,2055,2115,2047,2024,2010,1953,1936,2042,2045
1876577621,Master,2194,2114,2152,2179,2211,2154,2170,2141,2157,2209
6397741793,Master,2120,2206,2147,2234,2294,2090,2089,2072,2085,2114
3090123616,Master,2224,2222,2166,2116,2029,2113,2104,2096,2115,2163
9564162806,Master,2128,2120,2072,2018,1963,2039,1932,1963,1960,1886
3796242163,Candidate Master,1987,2040,2101,2139,2102,1996,1765,1734,1581,1769
8332225684,Master,2114,2132,2094,2063,1960,1947,1987,1822,1716,1454
5454867391,Candidate Master,2034,2016,1873,1892,1863,1825,2012,2164,2125,2208
7429241387,Master,2117,2170,2149,2071,2084,2023,1998,1910,1815,1973
1747131862,Master,2242,2005,2041,2029,1851,1756,1746,1643,1712,1507
1292939055,Master,2147,2143,2191,2150,2107,2024,2095,2141,2065,2092
4227484046,Master,2231,2100,2166,2099,2041,2003,1941,1891,1843,1833
6519694127,Master,2247,2054,2025,2046,2137,2058,2000,2022,2022,2002
2390250517,Candidate Master,2042,2062,1936,1925,1830,1791,1842,1866,1918,1851
8537238232,Candidate Master,2018,2015,2074,2143,2056,1905,1997,2066,2134,2175
7611210823,Master,2139,2158,2195,2108,2125,2213,2219,2231,2193,2201
9104862886,Master,2146,2121,2051,2012,2009,2029,1945,1926,1971,2049
9412604737,Candidate Master,1992,1777,1834,1923,1675,1798,1720,1940,1651,1289
9448189295,Master,2244,2157,2062,2158,2088,2020,1996,1987,2032,2066
4316527424,Master,2121,2084,2084,1998,1961,1977,1966,1920,2005,2118
8045623301,Master,2190,2237,2143,2218,2175,2205,2092,2127,2181,2251
6565997964,Master,2113,2245,2356,2215,2084,1987,1993,1716,1176,656
5486469395,Candidate Master,2070,1998,2038,2040,2051,2164,2123,2156,2065,2013
1139194040,Master,2257,2034,2086,2170,2182,2043,2154,2076,2148,2077
7222518630,Master,2120,2147,2060,1952,1874,1910,1931,2084,2028,1979
5697119644,Candidate Master,2084,1903,1812,1832,1697,1631,1540,1472,1653,1674
7275605488,Master,2225,2113,2111,2121,2070,2074,2110,2049,2133,2199
3628203182,Candidate Master,1981,1994,1995,2002,1931,1916,1905,2049,2106,2037
5202983623,Master,2123,2100,2142,2157,2061,2159,2085,2079,2044,2053
2784261221,Master,2291,2254,2328,2336,2297,2286,2300,2298,2142,2014
4335277986,Master,2161,2163,2180,2229,2237,2301,2242,2296,2267,2304
5244965339,Master,2118,2108,2137,2071,2051,2020,2008,2011,1892,1877
8598490635,Candidate Master,2012,1900,1886,1915,1942,1954,1923,1925,1784,1704
6364854274,Master,2146,2080,2081,1962,1954,1993,2143,2156,2109,2181
1950641353,Candidate Master,2082,2078,2052,1984,1955,1910,2025,2064,2084,2141
9043422670,Master,2142,2087,2033,2007,1952,1989,1998,2044,2078,2079
3163718259,Master,2229,2120,2197,2217,2261,2232,2145,2190,2184,2059
1106450952,Candidate Master,2098,2095,2071,2002,2082,2012,2093,2011,2046,1909
7867088828,Candidate Master,2047,2080,1970,1847,1886,1882,1925,1896,1758,1689
2458251346,Candidate Master,1998,1907,1751,1799,1745,1781,1768,1832,1712,1678
7078606195,Master,2186,2075,2107,2085,2107,2071,2043,1975,1958,1971
6271249597,Master,2181,2179,2119,2242,2194,2188,2180,2164,2078,2074
8587786476,Master,2192,2136,1878,1615,1148,572,,,,
2847733359,Candidate Master,2027,1933,2118,2127,2083,2160,1992,2049,1928,1881
2819279527,Master,2148,2029,2093,1979,2022,1858,1912,1942,1889,1959
3568346516,Candidate Master,2034,2120,2058,2028,1954,2052,1964,1975,1833,1886
4932093552,Master,2237,2119,2014,1965,1950,1985,2070,1992,1925,1866
9998496758,Master,2141,2091,2147,2112,2098,2042,1995,1913,1989,1963
3767456537,Candidate Master,2000,2033,2094,2024,2008,1942,1988,2007,1905,1856
5937834650,Candidate Master,1997,2031,1923,1875,2009,1981,1996,1969,2045,1989
4806982321,Master,2159,2182,2043,1950,1892,1901,2046,1946,1819,1831
3039324024,Master,2125,2094,2060,2044,2031,2063,2039,1961,2030,1981
7739739882,Master,2154,2159,2052,1959,1984,1970,1968,1921,2012,1950
9347095929,Master,2147,2072,2060,2011,1902,1968,1995,2116,2057,2134
4801935144,Candidate Master,2056,2074,2077,1952,1848,1833,1916,1881,1930,1962
7239860861,Master,2119,2147,2202,2210,2281,2151,2065,1953,1831,1862
7569724407,Candidate Master,2015,1938,1940,1866,1859,1792,1664,1502,1648,1768
6176899200,Master,2280,2346,2241,2266,2303,2229,2113,2235,2190,2187
9271052327,Candidate Master,2007,2103,2165,2063,2096,2044,1983,1796,1801,1800
2133946451,Master,2116,2216,2119,2138,1948,2011,1990,2009,2028,1665
8873617354,Candidate Master,2095,2084,1973,2013,1982,1963,1921,2013,2039,2017
5364097990,Candidate Master,2021,1996,2018,1942,1959,1850,1782,1841,1869,1822
4180594447,Master,2134,2071,2038,1963,1798,1794,1749,1790,1724,1636
2898587386,Master,2295,2260,2260,2317,2262,2192,2223,2230,2197,2292
9129361700,Master,2137,2091,2107,2147,2047,2035,2118,2105,2133,2109
9912985105,Candidate Master,2011,2014,2100,1984,2059,2008,2049,1881,1996,1935
5848735147,Candidate Master,2010,1887,1705,1475,1202,745,,,,
4535609940,Candidate Master,2020,1946,1954,1861,1922,1879,1680,1500,1401,967
9751019344,Master,2231,2173,2210,2151,2084,2105,2143,2186,2234,2139
1221893734,Candidate Master,2068,2182,2088,1970,1931,2008,1877,1888,1862,1904
2765632561,Master,2230,2265,2244,2254,2195,2285,2374,2361,2301,2298
4982047322,Candidate Master,2018,1975,2048,2136,2081,1855,2057,1900,1329,563
2222482252,Master,2152,1819,1770,1516,892,,,,,
7212167961,Master,2190,2249,2258,2350,2338,2414,2412,2439,2313,2302
4543797240,Master,2158,2212,2137,2097,2088,2004,2042,2114,2055,1933
2056058622,Master,2151,2189,2045,1915,1684,1363,795,,,
8214209610,Candidate Master,2090,2017,1921,1891,1875,1863,1901,1683,1602,1728
3942625055,Candidate Master,1986,1994,1945,1905,1848,1861,1781,1615,1485,1188
7815697005,Candidate Master,2022,1951,2044,2075,2033,2098,1971,1937,1928,1916
7910992330,Candidate Master,2046,2013,1895,1846,1955,1560,1142,664,,
4561463066,Candidate Master,2030,2099,2156,2064,2155,2205,2205,2113,2095,2150
9526100256,Master,2229,2235,2173,2042,2075,1937,1943,1832,1608,1576
4907140698,Master,2213,1975,1911,1663,1376,718,,,,
4864873267,Candidate Master,2082,2007,1991,1668,1478,1093,577,,,
7400782497,Candidate Master,1987,2009,2098,2039,2110,2022,1999,1911,1902,1775
9634827218,Master,2167,2064,2003,2024,1957,1987,1976,2055,2045,2041
5713167539,Master,2127,2194,2092,2123,2028,2058,2118,2022,1993,1927
5079358786,Master,2282,2289,2350,2302,2296,2238,2222,2048,2008,1863
1823570879,Master,2122,2046,2014,1862,1827,1888,1770,1772,1825,1864
9839880165,Candidate Master,2068,2053,2038,1951,1909,1784,1543,1340,973,509
4556183727,Master,2116,2068,2043,2041,2037,2003,1982,1896,1856,1824
9058204345,Master,2130,2233,2231,2166,2121,2220,2087,2078,2127,2208
9869838315,Master,2149,2055,2100,2007,1947,1960,2001,1998,2123,2127
9130380919,Master,2108,2188,1993,1774,1585,,,,,
5510153663,Candidate Master,2025,1976,1980,2005,1872,1866,1841,1935,1910,1783
2075120224,Master,2298,2168,1983,1776,1349,819,,,,
2414589524,Candidate Master,2060,2101,2048,2143,2205,2039,2101,1811,1714,1655
6433835529,Candidate Master,2003,1931,1835,1625,1387,1134,697,,,
9072002071,Candidate Master,2027,1978,1907,1697,1646,1471,1200,879,466,
4038015158,Candidate Master,2090,2111,1956,2051,2057,2094,2103,2064,2010,2014
4581057307,Master,2130,1931,1458,975,,,,,,
9611495114,Master,2145,2179,2088,2082,1992,1940,1978,1896,1853,1886
6213461389,Master,2154,2030,1762,1286,787,,,,,
9103545447,Master,2120,2257,2356,2462,2376,2383,2546,2653,2581,2531
2041152658,Master,2114,2103,2086,2039,2078,2062,2033,2033,1995,1956
9844067487,Candidate Master,1988,2001,1985,1992,2132,2015,1926,1853,1795,1769
9471789596,Master,2140,2104,2239,2195,2163,2117,2125,2109,2051,1919
9621687256,Candidate Master,2029,1981,1882,1914,1762,1711,1650,1661,1686,1757
9671896203,Master,2209,2283,2280,2064,1988,1891,1834,1863,1944,1884
8531592608,Candidate Master,1981,2016,1967,2027,1931,1856,1928,1936,1918,1966
1893832495,Candidate Master,2011,2092,2010,1887,1871,1862,1794,1833,1856,1971
1211685799,Candidate Master,2008,2023,1921,2005,1944,2003,2047,2083,2052,1993
9766167944,Master,2255,2299,2295,2248,2318,2360,2185,2220,2317,2319
9614411529,Candidate Master,2023,1812,1406,1089,606,,,,,
3688371392,Candidate Master,2029,1980,2003,1858,1793,1727,1771,1662,1529,1297
5106029531,Candidate Master,2058,1959,1929,2010,1895,1722,1803,1672,1752,1738
8583769743,Master,2144,2064,1991,2028,2002,2033,1933,1904,1836,1873
9511105783,Master,2130,2069,2083,2062,1891,1924,1879,1849,1926,1895
5837247213,Master,2249,2198,2196,2168,2100,2064,2123,2163,2182,2045
6538880782,Master,2191,2070,2036,2119,2023,2009,1975,1936,1952,1944
4201282459,Master,2100,2234,2198,2272,2254,2240,2346,2424,2403,2501
4189899216,Candidate Master,2086,2070,2055,2087,2007,1987,2075,2100,2129,2215
1233566396,Candidate Master,2038,2050,2078,2097,2096,2104,2056,2063,2129,2134
8185324466,Master,2236,2178,2179,2105,2039,2010,2081,2050,1996,1924
5204590592,Master,2131,1909,1818,1865,1860,1801,1746,1527,1511,
9185460814,Master,2100,2167,2287,2229,2281,2214,2212,2182,2188,2229
1438193267,Candidate Master,2054,1970,1943,1918,2105,2153,2186,2087,2076,2034
3488988905,Master,2219,2146,2138,2117,2157,2107,2174,2122,2179,2195
2357056590,Master,2248,2221,2194,2064,1661,1005,869,,,
8399095705,Candidate Master,2061,1981,1839,1574,,,,,,
3044450285,Master,2161,2090,2063,2057,1894,1782,1688,1866,1977,1956
2420187711,Master,2270,1861,1520,872,,,,,,
3092230722,Master,2281,2245,2305,2264,2258,2267,2096,1867,1608,1544
1270991583,Master,2148,2076,2181,1964,1961,1852,1657,1757,1611,1635
4317468532,Master,2192,2061,2172,1983,1999,1929,1961,1962,1892,1923
8969389475,Candidate Master,2020,1917,1937,1969,1831,1837,1808,1755,1708,1461
5914865630,Master,2103,2094,2091,2075,2040,1962,2020,2024,1970,1920
8444076399,Master,2181,2187,2146,2105,2079,2074,1974,1925,1871,1855
9910894974,Candidate Master,1976,1986,2003,2004,2028,2049,1957,1990,1983,2028
1444760811,Candidate Master,2009,1858,1757,1748,1690,1626,1591,1474,1434,1419
8751870001,Candidate Master,1982,1910,1854,1899,1896,1927,1906,1786,1821,1943
1478434351,Master,2152,2222,2134,2110,2147,2145,2096,2082,2079,2071
3384756400,Master,2262,2308,2307,2219,2276,2351,2352,2376,2367,2412
2182861922,Master,2112,2117,2081,1938,1832,1845,1872,1843,1769,1676
7225186753,Master,2104,2044,2039,1970,2027,1887,1906,2035,2074,1995
7558128679,Master,2122,2059,2041,1963,1838,1754,1631,1207,632,
5897712820,Candidate Master,1991,2007,1840,1733,1773,1820,1732,1474,1247,885
4144291762,Master,2259,2243,2270,2305,2372,2352,2252,2209,2097,2074
7903616110,Master,2259,2048,2016,2098,2076,2081,2264,2294,2199,2112
5316558161,Master,2186,2283,2121,2030,1937,1943,1805,1776,1635,1541
1375779455,Candidate Master,2002,2027,1895,1872,1886,1871,1852,1847,1822,1700
7876375713,Master,2219,2223,2301,2246,2220,2239,2178,2169,2164,2130
5127200238,Master,2216,2242,2234,2213,2077,1949,1827,1600,1229,799
1188475145,Master,2156,2243,2232,2192,2149,2058,1985,1703,1499,1172
4880183377,Candidate Master,2093,2059,2038,1967,1934,1912,1970,2021,1969,1969
6541565719,Candidate Master,2056,2074,2097,2045,2052,1991,1973,1963,1878,1894
1317085001,Candidate Master,2002,2048,2063,2051,2030,1954,1960,1948,2046,1971
9427864450,Candidate Master,2037,2105,2069,2054,1957,1995,1917,1852,1837,1898
5746373217,Master,2183,2135,2027,1941,2027,1950,2058,2119,2109,2062
1827545290,Master,2153,2188,2169,2164,2127,2181,2063,2038,1995,2023
4299995761,Master,2267,2064,1902,1923,1672,1895,1932,2043,1681,1359
4340424160,Master,2121,2103,2148,2062,2142,2081,2035,1787,1547,1172
2303503385,Candidate Master,2052,2002,2024,2037,2105,2118,2034,1931,1799,1626
7384029939,Candidate Master,2016,1953,1874,1696,1514,1205,655,,,
7815677466,Candidate Master,2059,2026,1894,1880,1866,1953,1940,1972,1924,1885
5927672278,Master,2135,2081,2084,2046,1922,1991,2024,1910,1918,1934
9838012994,Master,2128,2039,1800,1933,1999,1993,2049,2000,1930,1992
6061612318,Candidate Master,2094,2023,1989,1885,1865,1924,1907,1741,1770,1760
4465208254,Master,2207,2258,2342,2295,2328,2376,2343,2306,2387,2236
5116504601,Master,2239,2216,2249,2410,2443,2471,2368,2499,2387,2329
7188113205,Master,2133,2090,2148,2084,2044,2100,2106,2202,2123,1929
5695457126,Master,2276,2067,2146,2183,2088,2168,2151,2119,2034,1921
3845873994,Master,2209,2060,2020,2008,2098,2159,2160,2168,2037,2094
8299728275,Master,2284,2171,2137,2162,2188,2209,2137,2142,2192,2249
5104657361,Candidate Master,2018,1968,1871,1841,1745,1824,2031,2012,1986,1685
1303054556,Candidate Master,2041,1950,1766,1645,1869,1838,1648,1724,1609,1665
7804131703,Candidate Master,2022,2057,2107,2080,2054,2109,2041,1992,2029,1990
8821185429,Master,2135,2172,2091,2048,2026,1947,2032,2111,2097,2087
7020016571,Master,2227,2059,2164,2060,2163,1955,1824,1590,1112,354
4284623320,Candidate Master,2021,2072,2119,1993,2043,1945,2086,2185,2007,2062
5351700835,Master,2257,2199,2187,2117,2079,2067,2105,2108,2124,2032
6069739819,Master,2233,2255,2225,2295,2311,2238,2233,2271,2376,2322
6462351299,Master,2117,2081,2088,2117,2006,2079,2075,2154,2146,2113
7981316415,Master,2113,2163,2068,2111,2127,2127,2044,2121,2144,2185
9648574876,Candidate Master,2056,1924,1844,1681,1503,1427,1490,1199,1209,1089
6659676958,Candidate Master,2046,1991,1869,1722,1686,1718,1693,1666,1685,1704
4055302905,Candidate Master,2014,2040,2016,1905,1870,1876,1970,1907,1934,2005
1243319382,Master,2150,2096,2089,2110,2102,1969,1981,1825,1754,1710
5452306115,Candidate Master,2090,1932,2162,2175,2125,2171,1972,1629,1385,1103
9448787201,Master,2178,1953,1758,1503,,,,,,
4375634211,Candidate Master,2068,2239,2182,2152,2083,2050,1925,1873,1692,1630
4489085746,Candidate Master,2011,1906,1893,1854,1891,1825,1799,1834,1869,1853
9100979934,Master,2172,2180,2171,2079,2072,2081,2009,2007,1962,1923
6351100315,Master,2109,2141,2151,2104,2087,1972,1986,1919,1982,2055
3207030878,Master,2162,1980,1931,1925,1924,1895,1840,1619,1444,1184
6782453862,Master,2264,2148,1955,1841,1770,1720,1713,1665,1572,1492
1698329572,Candidate Master,2008,1936,1549,1238,784,,,,,
3207206798,Master,2112,2025,1878,1630,1310,1079,570,,,
6402265513,Candidate Master,2037,2030,2066,2000,2011,1829,1745,1711,1798,1872
9572955218,Master,2142,2211,2236,2226,2107,2104,2189,2140,2105,2104
2801177320,Candidate Master,1986,1971,2018,2021,2022,1954,1904,1721,1600,1393
8738464289,Master,2275,2211,2231,2214,2202,2179,2101,2123,2115,2096
2517556222,Candidate Master,2028,2009,2148,2131,2150,2206,2054,1976,2060,2120
2321701416,Candidate Master,2065,2104,2124,2145,2184,2097,2040,2080,2020,1966
5662835469,Candidate Master,1982,1932,1861,1802,1755,1718,1538,1445,1140,542
8698403718,Master,2223,2167,2003,1949,1922,1871,1802,1683,1589,1479
7400068984,Master,2103,2061,2125,2084,2079,2146,2218,2075,2169,2102
5737086035,Master,2118,2042,2002,1921,1882,1948,1913,1985,2047,1977
4760974826,Candidate Master,2052,2116,2033,2208,2138,2072,2101,2024,2047,1962
8216775047,Candidate Master,2004,1916,1820,1786,1902,1922,1925,1914,1887,1952
2705232364,Master,2152,2160,2143,2118,2137,2076,2020,1908,1705,1700
3967404256,Master,2215,2172,2134,2048,2061,2041,2092,2120,2097,2060
3016752869,Master,2128,2046,2054,2010,2007,1960,1847,1650,1337,1345
7414762647,Master,2144,2076,2033,1889,1831,1888,1940,1919,1951,1742
6112790604,Candidate Master,1988,2031,1907,1819,1629,1333,997,584,,
6171403579,Master,2247,2185,2246,2164,2006,2022,1922,1988,2018,2059
8185018073,Candidate Master,1999,1932,1835,1871,1927,1900,2010,2080,2117,2039
8351830357,Master,2151,2154,2184,2174,2084,1935,1804,1757,1849,1932
4109150458,Candidate Master,1997,1992,1916,1836,1873,1873,1939,1908,1973,1881
6514772881,Candidate Master,2043,1941,1851,1886,1841,1736,1645,1664,1650,1645
5447646002,Master,2119,2044,1937,1891,1851,1926,1850,1705,1642,1738
8530047015,Master,2139,2177,2275,2282,2241,2287,2194,2096,2182,2155
3291015034,Candidate Master,2050,1884,1870,1790,1802,1673,1615,1612,1631,1511
2769945590,Master,2168,2062,1759,1351,782,,,,,
1534384329,Candidate Master,2085,2119,2138,2122,2190,2052,2140,2153,2110,2041
4799229142,Candidate Master,2012,1924,1780,1540,1202,714,439,,,
1315832305,Master,2117,2134,1936,1914,1993,2095,2130,1940,1923,1988
2080396638,Master,2126,1915,1851,1834,1829,1725,1657,1639,1635,1521
3480572214,Master,2186,2177,2043,2023,2004,2075,2058,1992,1873,1877
5920602871,Master,2175,1931,1918,1844,1752,1727,1736,1759,1868,1816
5081770861,Master,2218,2279,2383,2367,2334,2280,2243,2210,2077,2096
9539112368,Master,2129,1942,2008,1999,2072,2161,2234,2090,2120,2086
8484095421,Candidate Master,1992,1873,1806,1674,1369,1018,609,,,
3268768562,Candidate Master,2097,2097,2174,2263,2345,2191,2227,2090,2122,2186
5937501277,Master,2198,2309,2238,2272,2152,2208,2156,2052,2056,1960
1710835146,Master,2204,2119,2112,2019,1997,2003,1982,2041,1985,1893
6419272790,Master,2202,2114,2196,2070,2091,1977,2001,2098,2068,2178
9321957163,Candidate Master,2052,2013,2074,2071,2061,2074,2060,2054,2062,1998
9918555350,Candidate Master,1978,2080,2035,2088,2029,2012,2021,2009,2000,2043
5807040046,Candidate Master,1994,1987,1970,2082,2030,1828,1695,1635,1646,1522
5519700850,Master,2134,2124,2147,2149,2060,1984,1930,1956,2023,2065
4439463673,Candidate Master,2095,2028,1940,1842,1863,1840,1768,1998,1873,1792
3745861077,Master,2120,2203,2108,2002,2012,1980,1946,1960,1924,1989
2932277645,Master,2123,1986,1948,1822,1699,1620,1181,695,,
7641527005,Master,2101,2044,1991,1907,1939,1963,2041,2129,1970,2015
2738047541,Master,2105,2090,2073,1938,1859,1810,1817,1736,1760,1754
4147778226,Master,2158,2184,2078,1967,2050,2154,2182,2141,2098,2097
6013674882,Candidate Master,2097,2112,2110,2182,2246,2246,2231,2236,2197,2188
7192588019,Master,2156,2174,2171,2207,2221,2077,2040,2151,2201,2310
1009941088,Master,2224,2078,1984,1776,1553,1237,686,,,
9995994432,Master,2138,2025,2020,2069,2056,2017,2086,2054,2067,2160
3624890519,Candidate Master,1994,1987,1890,1818,1872,1519,1199,650,,
5940751749,Master,2264,2268,2210,2264,2328,2159,2016,1773,1523,999
3206074679,Master,2187,2072,2058,2051,1938,1996,1945,2050,1930,1770
7301532644,Master,2278,2031,1559,885,,,,,,
3684723277,Master,2116,2149,2295,2216,2238,2276,2226,2184,2143,2248
8616786853,Candidate Master,2090,1993,2006,1945,1900,1813,1762,1656,1455,1141
6999378328,Candidate Master,1980,2025,2004,2089,1989,2060,2065,2077,1949,1839
2334988565,Master,2190,2077,2137,2129,2188,2223,2213,2199,2090,2019
6627381370,Master,2179,2157,2140,2085,2072,2088,2110,2181,2247,2217
8757931319,Candidate Master,2017,1970,1989,1916,1852,1888,1810,1866,1856,1880
4239554190,Master,2147,2170,2278,2321,2307,2273,2154,2135,2113,2025
6944836441,Master,2285,2264,2215,2223,2216,2222,2209,2149,2110,2153
3471761593,Candidate Master,2014,2010,1955,1961,1916,2044,1975,1953,1964,2044
5698798430,Master,2190,2092,2055,1951,1875,1891,1946,2004,2177,2172
9005027052,Candidate Master,1993,1952,1864,1791,1763,1734,1672,1627,1550,1471
6417042539,Candidate Master,2042,2005,1978,1998,1967,1975,1976,2032,1888,1867
5218709564,Master,2107,2050,2074,2047,2061,2027,1904,1701,1579,1224
9776013634,Master,2195,2051,2069,2111,2085,2079,2200,2179,2209,2153
7987688791,Master,2285,2367,2303,2344,2291,2322,2277,2315,2299,2259
5895029535,Master,2297,2168,2222,2216,2185,2074,2145,2183,2180,2131
9232990385,Master,2100,2113,2072,1882,1653,1394,1477,1565,1489,1525
8679495485,Master,2102,2063,2111,1987,2060,2019,1908,1947,1928,1995
3939725093,Candidate Master,2065,2004,2005,2075,2075,2124,2060,1998,1922,1897
6357509118,Master,2143,1993,1865,1666,1262,877,,,,
3718717178,Candidate Master,1979,1855,1941,1876,1796,1875,1871,1898,1813,1671
9744157691,Candidate Master,2086,2078,1929,2129,2184,2198,2136,2180,2225,2236
1808278097,Candidate Master,2069,2090,2083,1980,2006,1984,1929,1914,1895,1859
7978736617,Candidate Master,2068,2018,1878,1868,1926,1879,1996,1951,1909,1833
6785466846,Candidate Master,2027,1932,1946,1945,1969,1968,1913,1892,1855,1879
1593973985,Candidate Master,2035,1902,1871,1949,1981,1894,1888,1932,1957,1874
9439514084,Master,2122,2162,2209,2129,2074,2091,2098,2130,2171,2097
1488870977,Master,2144,2070,2146,2090,2113,2125,2182,2077,2152,2257
3518486357,Master,2297,2330,2353,2272,2147,2115,2026,1888,1935,2051
2864515723,Master,2129,2056,2090,2109,2116,1972,2085,2148,2168,2148
7215463296,Candidate Master,2012,1673,1220,730,,,,,,
4070926121,Candidate Master,2087,2163,2080,2005,2024,1960,1907,2043,2029,1868
2895694475,Master,2152,2169,2167,2086,2154,2066,2135,2214,2220,2265
9707277091,Master,2115,1999,2045,1990,2115,2043,2048,1904,1840,1726
9843860904,Master,2132,2005,2010,1974,1887,1815,1831,1785,1772,1788
8394791123,Master,2126,2008,2055,2006,1996,2024,1942,1901,1867,1784
1910406758,Master,2220,2276,2191,2149,2088,2139,2116,2136,2157,2178
2895010293,Master,2154,2048,2094,2026,1996,2101,1967,1939,2007,2008
1072463194,Candidate Master,2007,1985,1997,2035,2042,2082,2078,2038,2050,2004
5413131043,Master,2228,2218,2166,1965,2004,2059,2079,2074,1939,1897
9927876750,Candidate Master,2043,2036,2050,2039,2029,1976,2001,2071,2095,2077
1924942605,Master,2109,1994,1920,1813,1763,1654,1691,1680,1863,1893
7299123095,Master,2133,2140,2381,2370,2283,2212,2116,2205,2252,2184
4287275932,Master,2117,2124,2072,1979,2011,2016,2030,1979,1990,1968
1401336303,Candidate Master,2015,1934,1953,1855,1913,1953,1905,1844,1953,1895
3976376587,Candidate Master,1993,1887,1852,1842,1848,1798,1768,1675,1579,1300
6844548910,Master,2233,2164,2189,2187,2160,2316,2178,2177,2179,2220
3534339172,Master,2150,2146,2093,2078,1987,1740,1451,1064,525,
3480476392,Master,2187,2166,2081,2144,2154,2201,2226,2211,2215,2109
5212893521,Master,2141,2020,1982,1932,1874,1851,1744,1702,1517,1302
3638142178,Master,2182,1896,1462,863,,,,,,
5178085000,Master,2140,2228,2184,2184,2235,2241,2338,2278,2200,2235
5879281185,Candidate Master,2091,1917,1947,2158,2059,2031,1980,2031,2073,1922
4800282319,Candidate Master,2091,1889,1951,1700,1560,1446,1039,474,,
6974639384,Master,2232,2188,2156,2144,2180,2144,2124,2062,2096,1996
5415726476,Master,2186,2211,2128,2133,2080,2022,2058,1921,1987,1881
4657512265,Candidate Master,2075,2010,1852,1552,1068,621,,,,
6555671369,Master,2243,2185,2146,2146,2086,2037,1971,1920,1915,1947
1010142703,Master,2191,2147,2148,2084,2010,1890,1911,1870,1893,1865
1298353024,Master,2109,2037,2039,1914,1932,1826,1852,1796,1850,1804
2543619288,Master,2195,2178,2102,2064,2039,2144,2220,2114,2086,2175
2865896685,Candidate Master,1999,2049,2062,2083,2087,2035,2110,2172,2112,2185
6476466276,Candidate Master,2024,2059,1979,2092,2022,2034,2122,2051,2133,2086
8379052933,Master,2177,2044,2198,2159,2158,1992,2053,2060,2117,1987
8182031399,Candidate Master,1980,1944,2025,2029,2026,2000,1961,1845,1938,1996
2196717480,Candidate Master,1992,1915,1871,1803,1791,1763,1779,1791,1764,1714
8292168674,Candidate Master,2076,1964,1927,1909,2082,2107,2123,2064,2090,2170
7291701040,Master,2297,2382,2341,2386,2242,2313,2253,2275,2122,1786
5294550866,Master,2228,2124,2044,2020,2104,2047,1854,1556,1372,1090
9212279934,Master,2113,2158,2204,2090,2159,2064,1929,1868,1931,1867
1033288476,Master,2226,1980,1466,917,,,,,,
9937599782,Candidate Master,1983,1837,1995,2072,2108,2165,2118,2126,1819,1273
2652108141,Master,2269,2261,2213,2196,2087,2180,2094,2047,1937,1807
4174271431,Master,2103,1809,1374,808,,,,,,
4072030900,Master,2296,2232,2054,2049,2003,1851,1663,1457,1121,606
3436279067,Candidate Master,1996,1893,1883,1849,1841,1812,1798,1770,1791,1760
5984122305,Master,2157,2223,2195,2072,2012,2011,1883,1988,1778,1726
6561095065,Master,2157,1992,1983,1890,1875,1854,1876,1915,1905,1844
4758074108,Candidate Master,1980,2001,1992,2007,1841,1800,1809,1751,1821,1988
9097763482,Candidate Master,2003,2035,2024,1967,1828,1836,1757,1373,1020,639
1434978705,Candidate Master,2012,1932,1951,2037,2019,1971,1949,1909,1789,1521
6313487720,Master,2160,2120,1960,1892,1979,1842,1848,1897,1854,1883
8779445013,Master,2107,2067,1971,1984,1857,1759,1748,1900,1704,1549
4822885682,Master,2151,2085,2139,2076,2086,2157,2151,2140,2206,2072
1967846288,Master,2171,1893,1491,1007,,,,,,
6677653313,Candidate Master,1995,2049,2061,1865,1928,1955,2012,2036,1969,1894
7196210543,Candidate Master,1979,1949,2028,2330,2293,2081,1866,1815,1475,1483
4529752438,Candidate Master,1978,1774,1610,1253,989,712,,,,
8362912937,Candidate Master,1976,1958,1886,1843,1799,1783,1746,1797,1752,1788
5763819386,Master,2125,2185,2264,2134,2086,2015,2026,1944,1927,1983
5481486117,Candidate Master,2012,2005,1967,1863,1894,1894,1830,1842,1912,1814
5137606078,Master,2164,1920,1719,1300,780,,,,,
6301130024,Master,2155,2217,2251,2191,2204,2223,2179,2031,2110,2059
1184069233,Candidate Master,2022,2090,1960,1941,1882,1881,1876,1929,2025,1883
3630847641,Master,2235,2209,2133,2085,2071,2111,2163,2175,2248,2300
4677238204,Master,2142,2224,2153,2179,2220,2205,2269,2296,2216,2312
7039391636,Master,2106,2098,2104,2136,2079,2049,2074,1974,1971,1955
7112376850,Master,2102,1930,1814,1739,1523,1215,666,,,
7878475614,Master,2204,2305,2211,2274,2241,2242,2217,2145,2040,2128
8276673911,Candidate Master,2053,2161,2026,1984,1876,1870,1866,1820,1881,1822
6867236678,Candidate Master,1981,1866,1886,1811,1805,1844,1710,1640,1677,1757
7707992174,Candidate Master,2042,2029,2049,2071,2025,2045,2020,1972,1903,1877
6185721844,Master,2252,2264,2269,2343,2350,2246,2262,2276,2252,2227
3709897503,Master,2183,2076,2088,1972,1903,1983,2029,1939,1973,1916
3348364058,Master,2207,2135,2048,1934,1753,1735,1696,1711,1717,1800
2743386020,Master,2144,2126,1973,1992,1918,2042,2131,2156,2098,2156
3550499201,Master,2213,2031,1991,1928,1902,1896,1861,1858,1639,1502
5571088021,Master,2135,2138,2106,2003,1951,1900,1906,1831,1725,1542
2327803075,Master,2177,2022,1960,1970,1941,1985,1969,1980,2006,2004
6439636796,Master,2107,2092,2065,2080,2062,2055,2039,1967,1941,1954
4869120531,Candidate Master,1987,1873,1932,1815,1770,1786,1770,1742,1822,1807
5122225521,Candidate Master,2011,1951,1850,1901,1843,1701,1879,1850,1852,1716
6002897344,Master,2118,2127,2070,1959,1925,1984,2045,1952,1976,2083
7605390616,Master,2281,2091,2104,2121,2162,2195,2126,2108,2115,2134
3584992574,Master,2168,2284,2325,2278,2265,2308,2275,2243,2200,2173
3389049178,Master,2120,2032,1941,1944,1951,1957,1879,1858,1914,1793
3400905081,Master,2201,2273,2055,1848,1699,1302,809,,,
4201243953,Master,2211,2174,2286,2130,2107,2134,2250,2317,2316,2376
7448385137,Master,2289,2224,2280,2290,2322,2391,2400,2400,2343,2288
9423467153,Candidate Master,2079,2009,1997,1921,1885,1805,1813,1824,1750,1741
4752849492,Candidate Master,2031,1893,1640,1263,675,,,,,
5012504877,Master,2237,2009,1878,1701,1298,757,,,,
8186317297,Master,2242,2238,2181,2012,1808,1466,1189,601,,
1785303707,Candidate Master,2077,2032,2052,2111,2042,1989,1992,1915,1988,1956
7245884921,Master,2281,2207,2126,2096,2164,2177,2167,2159,2234,2229
3761324724,Master,2144,2106,2147,2163,1940,1915,1933,1950,1989,1973
4695629184,Master,2114,2177,2064,2023,1736,1753,1442,925,453,
7742632669,Candidate Master,2075,2032,1972,1986,1998,1993,1959,1927,1954,2126
7296726126,Master,2230,2013,2116,2172,2254,2213,2280,2236,2257,2205
4948155680,Master,2138,2069,2072,1960,1964,2037,2019,1967,1963,1969
8630323225,Candidate Master,2040,1943,1778,1658,1683,1820,1756,1802,1756,1873
5002048240,Master,2147,2002,1719,1358,812,,,,,
4247597150,Master,2292,2278,2231,2259,2210,2091,2096,2007,1952,1903
2688550336,Master,2197,2150,2065,2035,2032,1973,2021,1948,1914,2115
6288914300,Master,2292,2203,2267,2235,2212,2241,2156,2089,1962,2096
2952231284,Master,2220,2181,2132,2002,1803,1623,1503,1217,741,
3968933089,Master,2185,2270,2229,2224,2280,2298,2281,2252,2300,2350
2988719586,Master,2109,2094,2083,1985,1980,2030,2012,1888,1940,1999
6236235253,Candidate Master,1982,1898,1879,1723,1795,1408,1285,1381,1513,1247
9734380391,Candidate Master,2032,2057,2047,1857,1996,2142,2010,2117,2079,2033
7895308412,Master,2195,2097,2041,1980,1848,1791,1540,1414,1181,741
9715986468,Master,2119,1944,1873,1544,1154,519,,,,
9473337348,Master,2210,2146,2140,2158,2070,2025,2001,1959,1903,1935
6990606866,Master,2115,2062,2130,2105,2172,1994,2055,2072,2022,2004
3386521799,Master,2186,2157,2162,2126,2094,2099,2171,2241,2163,2052
8467018355,Candidate Master,1981,2064,2052,1977,1992,2082,1961,1939,2020,1970
8808453713,Candidate Master,2024,1973,2170,2184,2133,2095,2086,2162,2164,2158
8931151342,Master,2131,1867,1552,1225,730,,,,,
9288131280,Candidate Master,1981,1935,1892,1915,1868,1828,1987,1963,1935,1943
9600911865,Candidate Master,2054,1999,1889,1816,1865,1756,1787,1853,1799,1812
4260627702,Master,2293,2376,2356,2467,2362,2391,2409,2392,2398,2422
2085910879,Candidate Master,2018,1996,2062,2024,1950,1957,1941,1982,1954,1909
7778359590,Master,2120,2037,2111,2101,1915,1911,1720,1472,1065,575
7736187212,Master,2190,2159,2165,2179,2141,2040,1961,1957,1886,1827
6803691435,Master,2213,2235,2298,2024,1950,1878,1920,1990,1808,1740
9923581723,Master,2146,2035,2004,1889,1662,1283,794,,,
5255626624,Candidate Master,2058,2105,2179,2135,2001,2016,2084,2112,2138,2219
6069602718,Candidate Master,1993,1861,1854,1716,1723,1712,1646,1292,1018,578
7490635632,Candidate Master,2018,1960,1936,1902,1892,1841,1848,1731,1645,1562
4661991786,Candidate Master,2004,1919,1876,1876,1897,1944,1920,1773,1740,1720
5004416079,Master,2123,2187,2150,2158,2176,2190,2142,2075,2034,1929
6940854877,Master,2296,2306,2277,2140,2204,2032,2008,1949,2045,1991
7457569091,Candidate Master,2030,2041,2021,2003,2019,2052,2070,2088,2062,1936
1301829368,Master,2289,2166,2159,2069,2113,2082,2146,2111,1962,2024
6098893556,Candidate Master,1992,1977,1941,1992,1914,1689,1732,1642,1745,1712
2089550081,Candidate Master,2008,1928,1806,1773,1957,1942,1945,1904,2029,1925
9066771349,Candidate Master,1994,1929,1851,1810,1862,1919,1830,1826,1748,1754
4007354927,Master,2281,2279,2363,2350,2387,2416,2300,2304,2292,2305
2991819843,Candidate Master,2034,1848,1419,883,,,,,,
8796491445,Candidate Master,2024,2088,1967,1801,1527,1138,724,,,
2773347207,Candidate Master,2023,2009,1967,1927,1974,1980,1933,1820,1914,1761
7036667695,Candidate Master,2045,2055,2094,2055,2058,2095,2111,2190,2162,2167
1118518774,Candidate Master,2063,1982,1967,2004,1963,1866,1786,1734,1716,1595
8029853731,Candidate Master,1977,1914,1701,1450,1272,829,,,,
8556783663,Candidate Master,2007,2068,2216,2154,2115,2148,2135,2210,2063,2065
1625009091,Master,2105,2008,1934,1616,1192,706,,,,
4513149583,Candidate Master,2014,2033,2120,2119,2114,2136,2094,1991,1952,1933
8636242470,Master,2156,2212,2192,2145,2177,2142,2046,2083,2037,1984
5637341921,Candidate Master,2079,2014,1957,2145,2169,2026,2038,2095,2114,2075
6851891340,Master,2113,2020,2077,2005,2011,2047,2046,1963,1973,2050
4322932261,Master,2181,2097,2177,2088,2171,2235,2116,2121,2069,2170
8995054282,Master,2183,2075,2105,2138,2186,2120,2062,2016,1990,2043
7859052300,Master,2171,2161,2187,2158,2148,2175,2145,2117,2085,2010
2144936032,Master,2140,2090,2026,1897,1794,1464,1035,725,473,
6058338974,Master,2102,1990,2055,1990,2016,1946,1988,1883,1835,1793
3914439542,Candidate Master,2063,2008,1985,1982,1982,2016,1934,1904,1985,1898
7939113049,Candidate Master,2047,1905,2034,2054,1984,1986,1996,1794,1646,1599
9812373706,Master,2129,2061,1986,1956,2066,2063,2065,2179,2152,2028
4425591569,Master,2102,2061,2123,2075,2052,2037,2049,2125,2056,1985
9390547406,Candidate Master,2097,2237,2273,2303,2289,2319,2295,2231,2320,2260
8118816079,Master,2212,2143,2032,2102,2081,1990,1983,1913,1797,1602
2255659421,Master,2190,2094,1931,1779,1952,2030,1962,1879,1841,1959
1167026188,Candidate Master,2010,2037,1915,1889,1761,1735,1644,1618,1641,1561
8413134433,Candidate Master,1990,1981,1945,1956,2007,2102,2130,2125,2069,1998
6889883217,Master,2219,2120,2034,1768,1380,890,,,,
5276451737,Candidate Master,2073,2039,1986,1971,1982,1918,1979,1934,1859,1748
7453424436,Candidate Master,2012,1863,1867,1736,1980,2017,1886,1939,1926,1864
4192062572,Candidate Master,2091,2174,2201,2161,2174,2269,2244,2336,2246,2346
8544311425,Candidate Master,2063,2152,2139,2112,1975,2155,2150,2067,1974,1935
4539522476,Candidate Master,2008,1945,1894,1895,1822,1832,1952,1938,1952,1653
6321536924,Candidate Master,1995,1693,1295,683,,,,,,
4059278742,Candidate Master,1986,1979,1943,1888,1870,1861,1864,1798,1775,1810
6485395646,Master,2190,2051,2062,2008,1976,1965,1960,1906,1908,1834
2745114812,Candidate Master,2082,1982,2016,2086,2009,2059,2134,2032,1945,1874
1155025758,Candidate Master,2052,2050,1978,2088,2083,2028,2002,2051,2051,2062
5393584211,Candidate Master,2058,2015,1939,1719,1493,1080,646,,,
7807946050,Master,2134,2153,2199,2145,2170,2201,2220,2153,2104,2031
5761456049,Candidate Master,2059,2141,2090,2084,2070,2042,2003,1965,1919,1976
7674782913,Master,2191,2147,2159,1988,1817,1487,1031,615,,
2728503862,Master,2176,2109,2057,2099,1977,2048,2073,2026,1987,1917
5449210865,Master,2169,2165,2160,2195,2151,2144,2205,2140,2075,2099
8306999925,Candidate Master,2093,2085,2172,2184,2193,2277,2285,2255,2190,2170
2883352661,Master,2111,2033,2102,1981,1930,1897,1785,1797,1710,1802
9360249084,Master,2277,2204,2154,2200,2078,1820,1563,1302,1369,1213
3160302959,Master,2121,2037,2015,1955,1955,1875,1729,1781,1696,1728
4078986195,Master,2285,2248,2071,2074,2103,2186,2200,2238,2259,2126
8577243179,Master,2150,2187,1990,1918,1769,1768,1699,1548,1534,1530
5490164629,Master,2116,2001,2174,2112,2195,2071,1952,1850,1789,1925
9239620683,Candidate Master,2065,1978,1871,1505,849,,,,,
1896167262,Master,2272,2234,2231,2185,2117,2014,1935,2102,2116,2134
5352818301,Candidate Master,2019,1982,1936,1810,1867,1850,1883,1922,1880,1814
3715592585,Master,2111,2130,2183,2211,2138,2218,2183,2330,2255,2262
3162149203,Master,2112,2143,2135,2169,2089,2041,1984,2070,2006,1992
2530603962,Candidate Master,2049,1949,1961,1964,1808,1729,1785,1695,1604,1562
1729541369,Master,2224,2254,2232,2243,2260,2250,2236,2326,2241,2119
3569349572,Master,2220,2170,2207,2231,2148,2182,2370,2315,2307,2355
8947314208,Master,2286,2123,1800,1460,860,,,,,
7199108850,Master,2184,2061,1857,1707,1275,738,,,,
1104805783,Candidate Master,1992,1984,2061,2010,2052,1975,1842,1855,1835,1775
3107578915,Candidate Master,1990,1937,1825,1812,1804,1623,1739,1657,1698,1623
8474784285,Master,2106,2070,1997,1966,1966,1854,1929,1937,1973,2014
3108172694,Candidate Master,2006,2015,2031,2037,2120,2086,2085,1975,2008,2075
4160825038,Candidate Master,2033,1805,1581,1224,1341,1176,1149,1120,1019,1026
9324729503,Master,2143,2068,2083,1972,1960,2034,1954,1754,1762,1682
6172819223,Master,2153,2097,2156,2085,2008,1985,1958,1909,1876,1936
5136090187,Candidate Master,2094,2137,2130,1870,1506,850,,,,
1282895706,Master,2116,2170,2127,2157,2136,2172,2130,2030,1965,1926
2401258065,Master,2167,2241,2247,2178,2166,2109,2201,2213,2145,2116
5350983560,Candidate Master,1991,1986,2021,1983,1963,1848,1569,,,
8950366208,Candidate Master,2099,2089,2090,2078,2018,1923,1877,1920,1893,1927
3505893197,Candidate Master,1989,1943,1908,1870,2036,2033,2044,2046,1895,1829
3437216748,Candidate Master,2000,2091,2080,2081,2063,1926,1920,1915,1945,1924
5378985628,Master,2116,2000,1872,1845,1925,1896,1906,1882,1930,1898
3084388786,Master,2120,2126,2103,2146,2102,2011,2034,2042,2071,2015
5094016475,Candidate Master,2091,1948,2003,2103,1963,1859,1877,1843,1730,1728
8727340274,Candidate Master,2072,1854,1560,1297,1451,1446,1473,1457,1486,1444
9421940487,Master,2284,2331,2277,2244,2248,2233,2195,2157,2173,2137
4331043628,Master,2156,2038,2071,2011,2108,2106,2151,2056,2070,2028
1282497695,Candidate Master,2021,2108,2091,1874,1783,1932,2024,1942,1992,2058
7023345191,Candidate Master,1977,1967,1894,1999,2031,2031,1831,1908,1746,1659
4283864254,Candidate Master,2057,1844,1697,1666,1723,1719,1713,1709,1652,1625
3659485782,Candidate Master,2009,1952,1985,1961,1991,1852,1773,1722,1736,1696
5306242753,Master,2113,1973,1917,1984,1881,1724,1862,1908,1943,1986
3809796794,Master,2279,2249,2279,2271,2249,2186,2179,2081,2062,2109
5895155767,Master,2224,2338,2261,2189,2217,2219,2189,2123,2159,2135
5905720958,Master,2201,2187,2281,2092,2088,2067,2159,2267,2230,2227
2964631713,Master,2121,2103,1948,2184,2150,2130,2235,2095,2170,2115
9030437692,Candidate Master,2074,1806,1408,878,,,,,,
3082813110,Candidate Master,2069,2006,1838,1815,1860,1740,1872,1935,1898,1869
2038877289,Master,2111,2026,1979,1852,1744,1660,1597,1500,1423,1512
2728305314,Candidate Master,1994,1960,2000,2049,1951,1965,2097,2038,1954,1889
4098461601,Master,2231,2023,1972,1883,1706,1389,1099,717,,
7017142042,Master,2142,2061,2068,1969,1908,1891,1805,1794,1877,1773
4416635737,Master,2213,1962,1654,1216,844,,,,,
5814459019,Master,2232,2064,2135,2093,2139,2132,2103,2147,2265,2155
5505686374,Master,2146,2088,2085,2064,2046,2093,2118,2003,2034,1974
6507816177,Master,2148,1945,1923,1995,1964,1990,1948,1905,1944,1761
6477516777,Master,2141,2169,2201,2202,2256,2210,2124,2208,2261,2261
3644328449,Master,2255,2264,2154,2036,2133,2148,2234,2244,2209,2169
8406175131,Master,2109,2059,1995,1870,2018,1903,1754,1731,1742,1974
1241692393,Master,2137,2029,1831,1858,1856,1909,1985,1869,1750,1722
7426321682,Candidate Master,2040,1973,2009,2148,2038,2029,1939,1648,1628,1517
4324020812,Master,2201,1950,1963,1843,1987,2003,1928,1893,1927,2009
6914594513,Master,2109,2037,2005,2052,1972,1987,2050,2091,2078,2046
6350975450,Candidate Master,2058,1969,1932,1936,1747,1707,1508,1196,963,555
3680457777,Candidate Master,1988,1864,1816,1642,1527,1224,1182,948,516,
4353104868,Master,2247,2248,2298,2262,2224,2253,2154,2248,2256,2146
8260803617,Master,2132,2065,2064,2049,2032,1976,1898,1966,2060,2080
3598620465,Master,2129,2111,2083,2022,1960,1852,1828,1889,1804,1928
6047517267,Master,2254,2223,2325,2481,2319,2215,2260,2324,2203,2300
3880853742,Candidate Master,2009,1972,1860,1868,1897,1915,1615,1506,1272,884
1634454439,Master,2238,2179,2119,2087,1911,1817,1835,1913,1963,1996
9236646572,Master,2106,2042,2068,2047,2077,2119,2171,2014,1993,1949
4678097544,Candidate Master,1993,1949,1837,1848,1803,1843,1678,1669,1678,1585
9201849875,Master,2192,2078,1922,1882,1641,1348,968,388,,
7091477471,Master,2288,2248,2156,2162,2165,2222,2292,2276,2269,2065
3488837125,Master,2139,2201,2232,2153,2119,1971,1986,2088,2107,2144
7651107673,Master,2104,2061,2027,1988,1915,1970,1931,2025,2085,2096
5221284769,Candidate Master,2044,1752,1347,778,,,,,,
7963549354,Candidate Master,2080,1974,2175,2082,2123,2134,2134,2189,2159,2210
6490410856,Master,2212,2249,2216,2264,2326,2390,2355,2427,2324,2471
9437896309,Master,2260,2366,2316,2339,2294,2345,2198,2234,2148,2108
6912473399,Master,2162,2172,2146,2140,2077,2045,2115,2061,2037,2055
3780724251,Master,2234,2288,2388,2452,2449,2404,2422,2456,2441,2450
7135857451,Master,2192,2077,1977,2087,1968,1853,1821,1766,1787,1705
8450588959,Candidate Master,2084,1990,1963,1911,1818,1802,1790,1775,1787,1775
6645579666,Candidate Master,2091,2041,2144,1990,1846,2060,2085,2066,2178,2306
4838791729,Candidate Master,2095,2131,1981,2043,2001,2093,2071,2173,2141,2139
1528153743,Candidate Master,2015,1979,1992,1997,2084,2116,2144,2199,2197,2019
7116967401,Master,2209,2225,2228,2239,2302,2375,2413,2363,2321,2377
2886924642,Candidate Master,2010,2082,1993,1884,1953,2003,2010,1921,1855,1824
3368002007,Master,2158,2049,1956,1933,1846,1791,1625,1160,690,
8134993069,Candidate Master,2047,2134,2017,1973,2075,2014,2032,2055,2015,1855
7855277805,Master,2234,2290,2337,2266,2170,2064,2000,2035,2015,2037
8716025749,Candidate Master,2078,1928,1928,2011,1923,1930,2045,2118,2050,1953
6631148928,Candidate Master,1981,1826,1827,1802,1774,1827,1839,1928,1788,1754
7065176284,Master,2207,2035,2043,2138,2100,1834,1838,1779,1731,1848
3229029032,Master,2125,2143,2130,2202,2189,2172,2099,2058,2051,2009
6774597813,Master,2236,2166,2192,2171,2101,2128,2208,2010,2047,2030
8394774811,Master,2121,1947,1948,1897,1932,1890,1932,1996,1925,1788
4282124480,Master,2251,2245,2218,2185,1916,1686,1165,678,,
1259728044,Master,2197,2180,2184,2011,2059,2187,2107,2131,2096,2052
6098364808,Candidate Master,2015,2125,2087,2033,1997,2039,2081,2072,2020,1922
7159404601,Master,2120,2153,2109,2142,2048,1966,2011,2086,1993,1912
3088824525,Master,2103,2017,2017,2016,1954,1940,1867,1940,1764,1763
9234674310,Candidate Master,1997,1936,1872,1754,1672,1712,1808,1825,1813,1757
9116071188,Master,2267,2351,2354,2413,2251,2310,2424,2451,2386,2401
6148726684,Master,2233,2230,2260,2373,2495,2525,2635,2670,2667,2631
7093018308,Master,2120,2027,2019,2100,2107,2176,2173,2141,2042,1976
3344530302,Candidate Master,2026,1861,1812,1584,1145,746,,,,
3366243918,Candidate Master,1993,1968,1905,1823,1838,1797,1808,1696,1687,1697
5366350778,Candidate Master,2047,1985,1975,2061,2044,2155,2178,2058,2046,2105
2070175810,Master,2277,2285,2211,2194,2216,2263,2224,2201,2260,2224
2517026963,Candidate Master,2032,2077,2060,2106,2113,2032,2019,1982,1919,2014
6061911373,Master,2134,2187,2200,2142,2208,2260,2224,2125,2079,2170
4283620427,Master,2102,2085,2020,2015,1971,1871,1817,1805,1792,1832
4070703457,Master,2109,2096,2103,2115,2146,2059,1788,1627,1395,990
2835383139,Candidate Master,2069,2084,1983,2149,2156,2195,2172,2179,2163,2044
8967830567,Master,2152,2229,2055,1911,1979,2038,1997,1950,2013,1932
2329955760,Master,2132,2168,2132,2128,2174,2074,1973,2001,1823,1694
6934227063,Master,2167,2070,2086,2046,1968,1941,2013,1958,1795,1787
4923228082,Master,2139,2124,2067,2064,2035,1940,1932,1917,1985,1881
5225115059,Candidate Master,2010,2053,2050,2079,2027,1972,2048,2082,1924,2032
6685965827,Candidate Master,1984,1988,1982,2005,2082,1977,1916,1908,2042,1947
4117463125,Master,2160,2080,2047,2065,1999,1958,2146,2134,1891,1837
3099871056,Master,2240,2139,2040,1955,1832,1804,1512,1183,621,
3770334067,Master,2210,2301,2359,2306,2201,2213,2196,2264,2231,2191
7419071315,Master,2289,2302,2281,2112,2175,2197,2158,2184,2210,2255
4873961803,Master,2214,2095,2032,1991,2030,2049,1987,1896,1895,1755
9251496342,Master,2213,2204,2318,2246,2307,2204,2237,2234,2169,2259
7823322542,Master,2175,2113,2217,2183,2156,2183,2120,2072,2046,2112
8188371053,Master,2143,2254,2170,2185,2083,2105,2073,1982,2057,1966
9754701416,Candidate Master,2085,1995,1940,1978,1879,1908,1806,1921,1811,1780
4539657549,Candidate Master,2008,1906,1711,1774,1495,1140,724,,,
9387991362,Candidate Master,2022,1961,1910,1898,1983,2025,1972,1874,1839,1966
9143307365,Master,2111,2088,2104,2185,2074,1991,2001,1781,1541,1382
4473553304,Master,2267,2568,2636,2631,2656,2468,2376,2355,2466,2429
8203490673,Master,2262,2232,2092,1928,1621,1271,713,,,
7330957496,Master,2127,2107,2057,2065,1854,1719,1502,1290,930,413
8645744385,Master,2116,2008,2073,2191,2229,2271,2266,2359,2249,2198
8748024664,Master,2200,2263,2219,2197,2158,2165,2200,2274,2169,2244
7830479600,Master,2112,2174,2119,2144,2071,1965,1958,2086,2172,2261
4482031040,Master,2118,2096,1883,1889,1938,1861,1645,1821,1853,1664
5457928083,Master,2299,2155,2148,2026,1956,2068,2002,1921,1905,1982
9574956203,Candidate Master,2018,1972,1944,1933,1829,1796,1830,1800,1736,1821
7171857792,Candidate Master,1999,1972,1955,2010,1990,2030,1917,1839,1718,1725
7026867612,Candidate Master,2065,2224,2058,1919,1864,1924,1971,1990,2052,2068
2994135695,Candidate Master,2044,2111,2142,2122,2110,2126,2084,1978,1869,1894
8014620376,Master,2206,2077,1996,2081,2128,2175,2134,2096,2125,2082
1277606741,Candidate Master,2019,1999,1836,1829,2006,1996,1985,2015,2033,1933
7245036490,Candidate Master,2045,1915,1678,1455,1061,710,,,,
7166414203,Candidate Master,2022,1926,1978,1937,1910,1913,1888,1809,1829,1741
1943478726,Candidate Master,2038,2066,2122,2143,2153,2171,2199,2144,2127,2164
2231802429,Master,2139,2154,2163,2154,2073,2093,1998,1968,1971,2060
2746693000,Candidate Master,1979,1819,1621,1468,980,427,,,,
6209136855,Candidate Master,1996,1824,1807,1791,1804,1667,1753,1813,1722,1792
3601148460,Master,2225,2019,1991,2065,2136,2155,2095,1947,1943,1929
8080549996,Master,2136,2136,2144,2074,2081,1981,2030,2081,2086,2116
3951322551,Candidate Master,1981,1946,2003,1950,1923,1976,1986,2008,2093,2007
4581814258,Master,2215,2162,2157,2152,2116,2059,2140,2022,1922,2063
3277365829,Master,2286,2267,2302,2419,2350,2382,2302,2273,2194,2290
3463468772,Candidate Master,1983,2165,2100,2153,2079,2038,1987,2047,2103,2158
6759509321,Candidate Master,1982,1845,1705,1794,1567,1587,1563,1430,1233,981
9625271670,Master,2110,2058,1853,1766,1756,1797,1810,1870,1719,1661
9669598245,Master,2191,2190,2089,2171,2145,1997,2053,1976,1916,1833
3134026140,Master,2149,2221,2220,2221,2216,2109,2163,2112,2145,2105
4415710258,Master,2295,1996,2049,2067,2048,2036,2023,2004,2048,1895
5742201067,Candidate Master,2013,2042,2138,2089,1950,2110,2192,2032,1926,1922
3390827750,Master,2108,2202,2207,2086,2132,2042,2043,1995,2090,2095
2539890246,Candidate Master,2099,2022,1931,1782,1908,1856,1839,1968,1989,1976
1803749910,Master,2101,1976,1940,1901,1893,1967,1977,1944,1901,1742
4487150222,Master,2119,2075,2006,1894,1840,1795,1738,1888,1897,1990
7056061612,Candidate Master,2022,2000,2024,2000,1960,2012,1974,1961,1946,1843
2925080689,Master,2185,2037,1944,1768,1414,711,,,,
1002900724,Master,2138,2018,2036,2080,1764,1608,1118,800,,
6102925246,Master,2273,2246,2151,2102,2094,2050,1975,2082,2078,2085
2637274479,Candidate Master,2087,1779,1544,1159,610,,,,,
5249571213,Master,2235,2169,2072,2044,1808,1480,928,,,
3126318745,Candidate Master,2086,2015,1930,1965,1739,1483,1221,939,542,
4161517302,Candidate Master,2036,2057,1984,1905,1849,1729,1616,1676,1813,1834
8632700160,Candidate Master,2015,2004,1958,1873,1935,2008,2008,1980,2027,2044
6720456247,Master,2212,2071,1975,1934,1926,1869,1869,1763,1739,1793
4131731636,Master,2197,2225,2214,2192,2167,2251,2182,2096,2093,2058
3096114440,Candidate Master,1995,1875,1955,1957,2001,2053,2017,2089,2096,2150
5098388970,Master,2142,1989,1651,1232,786,,,,,
2115658167,Master,2218,2237,2119,2084,2122,1874,1755,,,
8509409314,Candidate Master,2026,2048,1819,1531,1589,1640,1566,1542,1685,1622
3260056002,Candidate Master,2021,2073,1935,1878,1828,1844,1813,1921,1916,1962
5132368420,Master,2157,2006,2038,2120,2069,2206,2175,2060,2155,2151
9699571492,Candidate Master,2045,1987,2040,1994,1977,1995,1980,1887,1758,1876
2969016326,Candidate Master,2044,1843,1634,1287,758,,,,,
9682642400,Master,2129,2184,2143,1867,1452,1048,538,,,
1404080970,Candidate Master,2060,2155,2163,2248,2229,2236,2203,2237,2169,2031
2528582595,Master,2116,2165,2247,2120,2223,2218,2210,1970,1874,2010
3152957778,Candidate Master,1985,1980,1930,1900,1999,2032,2009,1971,1949,1981
2143994283,Candidate Master,2071,2061,2014,1913,1947,1963,1823,1801,1806,1752
8190252512,Candidate Master,2002,1983,1920,1870,1871,1831,1807,1755,1865,1808
1987188348,Master,2212,2180,2149,2116,2228,2174,2178,2065,2087,2000
5091489011,Master,2187,2230,2263,2211,2230,2212,2220,2282,2278,2318
3505796571,Master,2114,1994,1819,1603,1185,709,,,,
8563830257,Master,2167,2101,2020,1953,1928,1887,1880,1940,1996,1919
2889275153,Master,2107,2079,2025,2067,2099,2092,1951,1852,1817,1752
9103881971,Master,2112,2105,2115,2013,1968,2053,2018,2035,2125,2032
1240477420,Master,2260,2105,1791,1386,800,,,,,
6904750211,Master,2104,1994,1816,1763,1662,,,,,
9043130008,Candidate Master,2055,2048,2029,2078,2135,2214,2167,2161,2089,2096
4180244884,Master,2104,2045,2013,1904,1823,1848,1871,1782,1818,1885
7998409750,Candidate Master,2031,1961,1933,1911,1825,1902,1875,1842,1695,1777
3924612847,Master,2228,2146,2223,2205,2185,2106,2159,2078,2167,2130
3657244766,Master,2115,2245,2279,2293,2262,2195,2251,2184,2105,2257
1988944132,Master,2120,2034,1936,2080,2057,1959,2029,2058,1896,1755
8390072290,Candidate Master,1986,1990,1820,1794,1762,1642,1589,1678,1576,1596
1876329314,Master,2128,2070,1853,1728,1419,1118,1155,1256,1403,1564
9850324534,Master,2121,2080,2033,1933,1955,2010,1865,1892,1893,1990
3212701241,Master,2292,2075,1762,1723,1488,1341,1035,871,738,463
2920023858,Candidate Master,2018,1948,1985,1999,2083,2083,2121,2135,2139,2119
7685610677,Master,2173,2169,2122,2107,2122,1912,1988,2049,1846,1916
8773697057,Candidate Master,2060,2028,1983,1939,1918,1802,1601,1485,1155,599
8492388620,Master,2138,2076,2168,2165,2208,2116,2186,2176,2171,2174
2511038768,Master,2115,2088,2052,2014,1894,1814,1892,1912,1952,1836
2637221227,Master,2185,2167,2009,1908,1991,2162,2224,2227,2193,2127
8870303496,Master,2163,2151,2054,2279,2134,2122,2145,2171,2077,2166
9680255634,Candidate Master,1984,1758,1486,1082,716,,,,,
2277228284,Candidate Master,2040,2021,1964,2041,1839,1685,1493,1327,1043,873
5568463249,Master,2219,2113,1894,1827,1861,1876,1543,1083,780,499
7136721341,Candidate Master,2073,2060,2165,2120,2116,2160,2180,2046,2020,2030
5100053516,Candidate Master,2040,1942,1964,1913,1911,1835,1898,1855,2007,1934
4693762786,Master,2107,1991,2034,2135,2104,2018,1917,1857,1847,1925
1745385885,Master,2101,2025,2094,1938,1950,2018,1965,1915,1972,1966
8227744859,Master,2100,2135,2126,2155,2117,2130,2086,1996,2002,1988
1678524844,Master,2172,2046,2014,2034,2103,2098,2116,2078,2064,2082
5745287250,Master,2180,2088,1869,1643,1342,1091,1191,1313,1433,1128
9267433918,Master,2264,2125,2053,2077,2001,2041,2093,2036,2032,2095
5886855493,Candidate Master,1980,1952,1883,1879,1798,1884,1942,1959,2043,1974
6720839177,Candidate Master,2009,2024,1971,1982,1931,1952,1971,1905,1867,1733
2720267459,Candidate Master,1991,1947,1992,2057,2028,1961,1797,1902,2116,2039
4353150364,Master,2118,2136,2205,2238,2289,2271,2340,2434,2581,2449
2531198396,Master,2154,2156,2025,2019,2110,2139,2049,2014,1998,1915
5978737201,Candidate Master,2082,2073,2022,1984,1844,1756,1640,1597,1428,1327
6658255438,Master,2135,2099,2023,1877,1807,1772,1964,1933,1957,1988
6554263615,Master,2103,2097,2113,2133,2176,2126,2150,2093,2073,2161
2269524063,Candidate Master,2091,2095,2048,1866,1875,1860,1826,1880,1887,1887
8473092848,Candidate Master,2047,2047,2053,2016,2012,2016,1995,1970,1981,2020
6211604541,Master,2195,2208,2096,2067,2160,1995,1992,1883,1919,1938
9803362916,Master,2117,2088,2039,1902,1938,1884,1940,2005,1973,1977
9513391741,Master,2278,2090,1999,1667,1114,762,,,,
2254713264,Master,2226,2128,2088,1950,1938,1847,1883,1727,1668,1719
5294830141,Candidate Master,1991,1789,1738,1820,1773,1742,1841,1889,1844,1781
7083480975,Candidate Master,1987,1867,1854,1940,1821,1700,1510,1221,636,
8565430944,Master,2235,2269,2109,2040,1938,2026,2057,2050,2051,1944
9235326769,Candidate Master,2093,1928,1851,1928,1821,1829,1816,1835,1912,1904
1449098274,Candidate Master,1978,1772,1794,1779,1751,1694,1707,1590,,
4621866312,Candidate Master,2074,2069,2054,2094,1962,1811,1805,1798,1895,1997
5690372990,Candidate Master,2021,1996,1953,2007,2097,2061,1938,1999,1956,2014
9498864878,Master,2123,2061,2003,1896,1603,1278,716,,,
2653579602,Candidate Master,1990,1860,1872,1798,1847,1826,1906,1874,1824,1885
5223307594,Candidate Master,2004,1873,1889,2047,2066,1996,1945,1996,1996,1991
4976500180,Master,2185,2098,2200,2132,2122,2061,2021,2089,2040,1959
2606712369,Candidate Master,1978,2036,2024,1931,1947,1929,1980,1707,1684,1585
1999646307,Candidate Master,1997,1983,1978,1962,1862,1796,1763,1743,1747,1764
6108802928,Master,2130,2049,1876,1881,1925,2013,2045,1904,1905,1878
7776683405,Master,2121,2174,2091,2172,2056,2106,2117,2158,2158,2131
5435670130,Candidate Master,2000,2045,2011,1914,1968,2045,1974,1958,1946,1951
6299374541,Master,2197,2162,2151,2146,2059,1971,1961,2030,2033,2087
1240585396,Master,2170,2136,2135,2093,2196,2193,2303,2271,2294,2337
9926249487,Master,2149,1919,1702,1374,837,,,,,
7336977114,Master,2139,2109,1982,1880,1566,1514,1376,1170,770,
3794458253,Candidate Master,2072,2055,2090,2082,2152,2153,2046,2039,2107,2051
7768989368,Master,2190,1946,1885,1786,1296,770,,,,
6031410558,Master,2154,2068,2156,2170,2114,2016,1935,1984,1896,1923
6578770190,Master,2150,2168,2123,2211,2085,2196,2225,2233,2196,2056
3480642865,Master,2157,2226,2266,2035,1692,1214,772,,,
8876060717,Master,2231,2110,2053,1971,2015,2042,1925,1896,1944,1896
9145190334,Master,2199,2154,2122,2031,2058,2063,2085,2038,2083,2100
1594498403,Master,2107,1950,1488,882,,,,,,
8183589446,Candidate Master,1984,1983,1974,1846,1877,1941,1827,1653,1709,1673
6204054730,Master,2130,2096,2070,2026,2004,1995,1929,1903,1924,1978
2443185559,Master,2146,2124,2047,2042,1870,1922,1885,1870,1971,1928
4105050210,Master,2283,2111,2166,2182,2168,2254,2203,2197,2149,2066
5651387782,Candidate Master,2069,2009,1959,1926,1953,1742,1514,1245,986,525
7948753032,Master,2154,2082,2049,2033,2137,1997,1996,2046,2073,2039
5059028361,Master,2248,2068,2084,1987,1895,1939,1923,1876,1821,1858
2397585032,Master,2288,2112,2026,1925,1818,1522,1546,1371,757,
6511272226,Master,2197,2172,2206,2185,2260,2107,2029,2044,2091,2075
2035398154,Master,2185,2139,2116,2163,2134,2171,2074,2153,2166,2187
7005538835,Master,2235,2227,2160,2106,2148,2143,2067,2152,2127,2212
8463385823,Master,2296,2203,2187,2198,2193,2101,2145,2051,2020,1928
3416568964,Candidate Master,2088,1872,1534,1206,713,,,,,
6884714197,Candidate Master,2064,2062,2092,2004,2023,2112,1991,1903,1929,1947
4840742111,Candidate Master,2008,2062,1955,1976,2032,2088,2127,2080,2017,2021
7076079465,Master,2175,2062,2126,2164,2258,2096,2172,2079,2179,2157
5836138702,Master,2100,1965,1981,1914,1924,1912,1755,1785,1808,1742
6863540643,Master,2236,2245,2132,2033,1997,1907,2146,2003,2103,2210
4700158944,Candidate Master,1976,1996,1990,1924,1930,1936,1989,1980,1927,1932
1032830327,Candidate Master,1989,1902,1890,1924,1955,1856,1854,1742,1774,1704
3576587279,Master,2210,2140,2049,1939,1894,1782,1709,1577,1376,1021
3822472909,Master,2141,2058,1961,1956,1891,1907,2002,1982,1934,1891
1769247838,Candidate Master,2068,1972,2021,2121,1970,1780,1522,1089,796,
2374767452,Candidate Master,2099,1975,2058,1870,1699,1757,1663,1646,1632,1646
6349092182,Master,2265,2210,2209,2196,2207,2162,2225,2225,2280,2241
3317308315,Candidate Master,2094,2118,2177,2225,2148,2097,2085,2124,2148,2118
9265359922,Master,2264,2222,2212,2186,2196,2183,2214,2204,2151,2165
8267986510,Candidate Master,1986,1972,2042,2061,2292,2308,2334,2311,2253,2228
9020054877,Master,2115,2103,2175,2005,1713,1384,678,,,
5868272975,Master,2114,2012,2130,1966,1775,1302,738,,,
5833047740,Master,2215,2295,2306,2232,1918,1792,1648,1597,,
8042046686,Master,2269,2490,2335,2241,2097,2083,2187,2228,2230,2062
6841391821,Master,2109,2065,1925,2006,2008,2019,1850,1717,1678,1460
3250200753,Master,2118,2075,2053,2018,2025,2047,2039,2067,2107,2153
8823302030,Master,2192,2190,2125,2067,2073,1984,1939,1953,1851,1869
3814780223,Master,2143,1971,1653,1744,1685,1819,2015,2104,2108,2078
4307513758,Master,2118,2078,1947,1767,1800,1797,1870,1835,1716,1551
6057766949,Master,2108,2059,1942,1959,1983,1951,1915,1940,1833,1829
6741027231,Candidate Master,2041,2087,1970,1979,1885,1934,1766,1770,1753,1658
9071100936,Master,2254,2194,2138,1881,1766,1641,1476,1036,674,
7410461984,Master,2195,2175,2184,2180,2001,1983,2070,2128,2049,2043
4289831885,Master,2111,2086,2033,1982,1891,1937,1957,1917,1985,1946
4983325014,Master,2111,2094,2003,1903,1714,1692,1754,1611,1638,1636
3649290560,Master,2148,1902,1566,1253,755,,,,,
7044564941,Candidate Master,2017,1935,1824,1632,1407,1223,1216,1159,999,644
3659082311,Candidate Master,1977,1504,838,,,,,,,
4854956708,Candidate Master,2014,1733,1447,1091,630,,,,,
8302094076,Master,2272,1966,1550,1314,643,,,,,
4145438886,Master,2123,2078,2010,2052,1935,1937,1873,1886,1941,1827
8599698007,Candidate Master,1991,1999,2002,2025,1990,1898,1967,2004,1988,2031
7693894093,Candidate Master,2056,2095,2059,1898,1819,1790,1870,1882,1833,1897
1175295355,Master,2274,2294,2298,2358,2393,2418,2462,2414,2500,2403
2497422551,Master,2124,2050,2221,2039,1981,1924,1884,1832,1850,1890
4786767830,Master,2102,2047,1981,2180,2029,2048,2125,2070,2092,2036
6552422851,Master,2197,1972,1939,1933,1702,1832,1906,1687,1657,1610
5324439481,Master,2205,2276,2150,2130,2038,2048,2110,2065,1906,1808
5918958492,Master,2130,2107,2148,1924,1792,1917,2017,1965,1878,1825
2864215528,Master,2136,2069,2099,1937,1870,1763,1700,1649,1728,1530
9300750704,Candidate Master,2042,2072,2089,2067,2017,2018,2089,2121,2167,2144
7326120644,Candidate Master,2090,2080,2127,2128,2165,2065,1953,1925,1849,1900
2345604101,Master,2149,2252,2261,2274,2162,2179,2223,2240,2287,2292
8812688478,Master,2140,2196,2053,2016,1963,2004,2006,1856,2004,1998
3240357438,Candidate Master,1982,1923,1796,1811,1806,1942,2020,1878,1758,1741
3723824053,Master,2118,2199,2070,1924,1909,1782,1761,1650,1480,1447
1398224630,Master,2164,2077,2094,2217,2248,2092,2114,2095,2051,2032
5401059165,Master,2108,2058,1933,1964,1855,1876,1912,1905,1779,1634
3993669020,Candidate Master,1982,1993,1979,2024,1945,1924,1939,2059,2097,2071
6819540501,Master,2218,2174,1770,1549,1406,1188,680,,,
1095857947,Master,2129,1878,1930,1804,1768,1711,1665,1652,1614,1642
9697628367,Candidate Master,1989,2019,2046,1978,1978,2089,2087,2119,2075,2101
9916165002,Candidate Master,2028,2027,1992,1982,1783,1677,1664,1697,1642,1567
3814814838,Candidate Master,2048,2051,2110,1942,1861,1723,1513,1201,768,
9647524546,Master,2183,2135,1983,1927,1921,1886,1824,1818,1714,1840
1857989766,Master,2143,1939,1920,1888,1894,1887,1948,1935,1935,1861
2738509237,Master,2185,2205,2175,2149,2104,2078,2079,2089,2092,2045
1634193462,Master,2253,2270,2107,1927,1676,1595,1471,1245,771,
4130449785,Master,2119,2052,2026,2044,1915,1898,1896,1947,1883,1903
7189541944,Master,2117,2003,1903,1900,1774,2006,2037,1968,1936,1858
5305058548,Master,2125,2125,1953,1625,1224,668,,,,
8100920388,Candidate Master,2050,1971,2008,1975,1825,1818,1733,1679,1618,1716
8917389806,Master,2258,2220,2067,2106,2141,1929,1800,1584,1298,697
5214607327,Master,2125,1994,1899,1879,1899,1992,2055,1875,1831,1963
2626381396,Candidate Master,2039,2251,2240,2264,2271,2215,2276,2242,2168,2199
5682829476,Candidate Master,2031,1979,1854,1812,1870,1910,1885,1904,1840,1795
7418155804,Master,2216,2133,2371,2286,2143,2184,2186,2192,2303,2304
6007941468,Candidate Master,1995,2021,2051,1941,1969,1950,1919,1896,1969,1922
1313092082,Candidate Master,2029,2049,2033,1977,2002,2106,2041,1877,1910,1910
5533193902,Master,2224,2177,2122,2152,2117,2016,2037,1935,1905,1963
5224598569,Candidate Master,1996,1997,1998,1997,1999,2010,2018,1925,1855,1917
7256374089,Candidate Master,1987,1973,1935,1932,1895,1821,1711,1625,1622,1646
9366275499,Candidate Master,2005,1958,1933,1916,1884,1773,1763,1710,1687,1700
3981271911,Master,2157,2044,1928,1999,2055,2072,2100,2003,2101,2042
4145958226,Master,2252,2127,2200,2211,2245,2318,2330,2326,2272,2227
2030644659,Master,2220,1963,2093,2205,2129,2065,1956,2015,2002,1995
7415226424,Master,2122,2111,2065,2071,1978,2003,2016,2016,1917,1928
5814622601,Candidate Master,2054,1983,1894,2016,1916,2007,1946,1945,2070,2144
6681456827,Master,2202,2104,2110,2165,2189,2149,2087,2073,2163,2206
7874134993,Candidate Master,1981,1879,2085,2097,1993,1843,1765,1581,1414,
5162915151,Candidate Master,1990,1896,1811,1273,773,,,,,
2353566733,Master,2100,2068,2161,2203,2261,2279,2279,2195,2182,2190
4468331870,Candidate Master,2080,2026,1898,1988,1937,1903,1985,1978,2044,2068
7109661649,Master,2152,2098,2047,2090,2106,2124,2114,2169,2149,2177
7583044338,Master,2216,2037,1991,1894,1973,2060,2044,2135,2193,2169
8550314920,Candidate Master,2058,2042,2045,2008,2005,1943,1989,1934,2031,2135
1108699509,Master,2108,1976,2009,2001,1956,2018,2032,1992,1985,1923
4162453168,Master,2195,2020,1799,1463,1082,664,,,,
1428335717,Master,2107,1896,1948,1750,1547,1587,1538,1486,1481,
1685264041,Candidate Master,2090,1988,1949,2009,2047,1943,1888,1951,1869,1878
4286712716,Candidate Master,2069,2049,2156,2074,2009,2109,2150,2211,1885,1844
1981451703,Candidate Master,1998,1956,1980,1823,1713,1285,802,,,
1549319138,Master,2124,2065,2111,2007,2017,2026,2109,2058,1991,1982
4645810370,Master,2143,2086,2108,2061,2096,2091,2084,2088,2063,2082
5353806674,Master,2100,2141,2008,1914,1875,1758,1777,1901,1923,1861
9081852647,Master,2109,2080,2025,2042,2091,2011,1951,1841,1879,1896
1966512296,Candidate Master,2099,1995,1997,1925,1813,1615,1460,1458,1496,1395
5472128302,Master,2135,2141,2180,2127,2155,2108,2164,2061,2071,1983
1810100602,Candidate Master,2027,1889,1688,1621,1552,1566,1559,1367,1281,1179
5823905116,Candidate Master,2059,2078,1989,2091,2019,1978,2078,2133,2033,1950
5977359925,Candidate Master,2041,1794,1513,1076,570,,,,,
5014388692,Master,2172,2153,2105,2039,2095,2196,2189,2141,2149,2144
4453345530,Candidate Master,2025,2015,1914,1968,1893,1908,2019,2012,1870,1905
4968691693,Candidate Master,2045,2012,1892,1849,1745,1799,1744,1794,1956,2018
3771750981,Master,2100,2134,2164,2202,2096,2142,2050,1883,1890,1904
5931877303,Master,2279,2321,2247,2301,2264,2276,2248,2287,2209,2103
8966690789,Master,2137,2141,2029,2033,2134,2197,2031,2015,2016,2054
9712860013,Master,2148,2142,2083,2022,2055,2046,2007,1939,1868,1615
1105616117,Candidate Master,2025,2020,2025,2108,2109,2064,2062,2056,2074,2040
9401238521,Candidate Master,1995,1902,1970,1954,1986,1905,1975,1930,1856,1930
7315618974,Master,2136,2098,2040,1962,1935,1941,1949,1932,1904,1958
6950028402,Master,2185,2064,1904,1859,1913,1869,1823,1852,1788,1704
7527230469,Master,2173,2191,2097,2164,2178,2211,2027,1926,1943,1969
2060557006,Master,2120,2009,1973,2041,2016,1872,1708,1283,816,
3706283838,Master,2125,2070,1952,1939,1955,1977,2057,2085,1940,2025
1177503867,Candidate Master,2048,2016,1933,1875,1894,1884,1850,1837,1807,1767
5118430495,Candidate Master,2038,1978,1916,1955,1926,1901,1853,1750,1644,1709
5873248744,Candidate Master,2003,2086,2074,1989,2027,2054,2000,1958,1975,1889
7436324281,Master,2243,2269,2030,2034,2107,1948,1932,1856,1788,1653
6309762085,Candidate Master,1978,1939,2040,1955,1912,1847,1710,1739,1857,1893
6559672370,Master,2157,2061,2067,2061,1953,2005,1933,1908,2063,1927
1615255058,Master,2268,2163,2162,2110,2169,2158,2152,2058,2097,1950
3457362155,Candidate Master,2011,1896,1943,1956,1866,1906,1910,1781,1680,1587
5969753904,Master,2252,2221,2220,2290,2272,2265,2223,2329,2262,2269
5317514627,Candidate Master,2099,2052,1983,1871,1833,1929,1928,1903,1887,1842
3058631932,Candidate Master,2004,1947,1994,2032,1991,2116,2068,2059,1950,1859
6150604137,Candidate Master,2061,1889,1876,1932,1947,1948,2099,1953,1897,1910
6331462744,Master,2174,2186,2162,2166,2205,2255,2184,2212,2161,2176
3197431606,Candidate Master,2022,2000,1834,1938,1879,1863,1920,1895,1935,1797
3599293854,Candidate Master,2085,2045,2074,2058,2004,1961,1939,1940,1798,1781
1232047396,Candidate Master,2029,1893,1835,1985,1909,1876,1879,1869,1855,1862
4176867379,Candidate Master,1979,2034,2106,2132,2222,2316,2323,2213,2089,2166
1824173546,Master,2245,2144,2077,2152,2202,2113,2102,2106,2076,2022
7989096906,Master,2104,2039,2109,2061,2109,2065,2002,2104,2011,1917
3409495574,Candidate Master,2023,1966,1890,1848,1783,1835,1881,1863,1846,1930
1903094057,Master,2163,2187,2015,2096,2102,2075,1962,1894,1974,2038
3972062295,Candidate Master,1983,1956,1907,1973,1845,1823,1705,1675,1625,1704
7814362560,Master,2103,2014,1936,1727,1460,989,532,,,
1971596010,Master,2251,2124,1870,1373,809,,,,,
2733244754,Master,2139,2055,2152,2109,2162,2026,1992,2033,2044,2001
8400956620,Candidate Master,2076,2027,1999,1999,2062,1984,1975,1963,1975,1974
3994727286,Master,2180,2188,2254,2272,2281,2241,2244,2233,2214,2070
4672086665,Master,2177,2194,2220,2195,2170,2248,2127,2022,2075,2113
4650669946,Master,2144,2130,2142,2062,2011,1954,1967,1946,1941,1933
5289195207,Candidate Master,2028,1981,1974,1989,1887,1865,1884,1896,1801,1789
6133347388,Master,2203,2264,2369,2375,2286,2296,2331,2313,2218,2216
9832438907,Candidate Master,2049,2054,1926,1839,1708,1566,1098,639,,
6531984740,Master,2267,2176,2082,2141,2177,2161,2171,2183,2191,2192
3882499625,Master,2257,2175,2135,2120,2105,2033,1998,2030,2056,1906
1858997425,Candidate Master,2041,2013,1989,1806,1660,1564,1329,823,496,
4493912882,Master,2137,2292,2152,2142,2168,2190,2131,2036,2082,2177
2555994777,Master,2125,2157,2213,2284,2367,2381,2401,2383,2282,2152
2825364164,Candidate Master,2088,2103,1985,1944,1736,,,,,
7054689632,Candidate Master,2011,1985,1854,1827,1701,1840,1879,1851,1698,1417
6151933354,Master,2155,2161,2106,2199,2194,2061,2032,2087,1948,1945
3321076957,Candidate Master,2044,2019,2023,1965,2009,2044,1886,1985,2047,2051
4415471427,Master,2219,2029,1619,1213,828,,,,,
1417714567,Master,2109,1917,1921,1669,1651,1288,900,,,
7157941001,Candidate Master,2013,2085,2087,2036,1994,2081,2143,2082,2141,2170
5669154704,Master,2150,2169,2313,2226,2163,2155,2149,2002,1872,1817
9430493157,Master,2244,2131,2164,2241,2327,2379,2316,2383,2388,2399
8455002203,Candidate Master,2087,2031,2082,1937,1930,1839,1856,1882,1913,1804
4379025153,Candidate Master,2044,1966,1894,1997,2001,1844,1589,1626,1839,1952
4439028939,Master,2170,2099,2141,2257,2244,2088,2126,2169,2129,2040
6191573630,Candidate Master,2071,1963,1864,1850,1691,1494,1519,1467,1520,1411
4651587445,Candidate Master,2047,2020,1964,1937,1968,1997,2005,1951,1967,1843
5838225377,Candidate Master,1991,1599,1214,801,,,,,,
4694496739,Candidate Master,1982,1958,1969,2020,2079,2022,1999,1853,1728,1779
9726185587,Master,2137,2020,1904,1863,1841,1743,1990,1994,1952,1868
9429286031,Master,2260,2148,2149,2157,2107,2092,2108,2089,2048,2115
1499210683,Master,2122,2175,2115,2193,2207,2210,2187,2001,1940,1892
1092563551,Candidate Master,1999,1959,1912,1892,1813,1916,1951,1814,1743,1855
8001683089,Candidate Master,2036,1991,2020,1930,1838,1886,1952,1851,1887,1985
1605700931,Candidate Master,1995,2039,1962,1889,2023,1932,1702,1792,1814,1878
1553709347,Master,2175,2056,2280,2291,2369,2400,2385,2271,2273,2232
8428162028,Master,2205,2263,2085,1984,2134,2145,2204,2126,2174,2085
5571028164,Candidate Master,2070,2039,2047,2019,1874,1693,1737,1689,1636,1721
7996526847,Master,2235,2058,2063,1977,1960,1969,2014,2045,2117,2039
2738836851,Master,2185,2164,2013,1941,1993,1936,2000,2042,2036,1936
4439545768,Master,2135,2054,1965,1935,1901,1840,1882,1928,1860,1922
3788124822,Candidate Master,2093,2048,1956,2034,1993,2010,1982,1820,1780,1744
1124735089,Candidate Master,1981,2061,1975,2082,2096,2096,1902,1862,1882,1826
3442844942,Master,2273,2400,2476,2444,2442,2407,2394,2319,2477,2561
8134604915,Candidate Master,2099,1977,1852,1744,1849,1937,1997,2028,1840,1789
7816172710,Master,2132,2082,2086,2066,2005,1982,1932,1855,1740,1656
8731462093,Master,2205,2203,2225,2132,2183,2262,2183,2112,2067,2183
5677557822,Master,2244,1892,1495,880,,,,,,
4066652272,Candidate Master,1978,1794,1780,1788,1695,1663,1607,1327,957,502
8374827188,Candidate Master,2066,1894,1893,1878,1703,1521,1154,619,,
4653846114,Master,2101,2022,2063,1952,1951,1908,1673,1609,1493,1172
9827221751,Master,2108,2079,2188,2186,2169,2146,2085,2062,2067,1880
3711616593,Candidate Master,2009,1985,1936,1886,1927,1791,1755,1947,1943,1996
3077220887,Master,2151,2248,2114,2038,1886,1803,1500,1198,723,
6217416745,Master,2126,1987,2028,2068,1964,1872,1810,1863,1754,1705
6406675957,Master,2147,1957,1805,1668,1575,1440,1249,1284,1196,1317
2509691587,Master,2256,2092,2106,1893,1916,1901,2113,2122,2222,2340
1061997862,Master,2124,2061,2107,2033,2083,1962,2017,2059,2098,2128
9383077744,Master,2114,2178,2149,2177,2148,2092,2142,2096,2022,2000
1902980280,Master,2253,2163,2019,2071,2163,2279,2230,2144,2021,1956
5428967159,Candidate Master,2027,1955,1862,1843,1774,1720,1834,1829,1842,1799
6596243737,Candidate Master,1991,2049,1914,1748,1550,1207,699,,,
8254300564,Master,2265,2226,2212,2166,2184,2121,2211,2187,2276,2190
9820803469,Master,2138,2084,2036,2039,1948,1887,1759,1917,1792,1906
1076610315,Master,2188,1938,1992,1713,1401,890,,,,
9134212493,Master,2154,2133,2129,2130,2075,2099,2022,1972,1914,2008
5720746961,Candidate Master,1987,2031,2057,1986,1936,1934,1917,1970,2084,2101
1616621582,Master,2242,2290,2194,2229,2164,2151,2106,2095,1978,1994
8254794185,Master,2183,2077,2072,2159,2025,2028,1996,1960,1958,1753
5123387259,Candidate Master,1983,1970,2061,2110,1937,1758,1787,1784,1904,1610
2859921540,Master,2288,2213,2209,2194,2267,2363,2395,2309,2391,2348
6681898521,Master,2164,2078,2078,2104,1975,1924,1955,1948,1923,1927
6242608358,Candidate Master,1990,2022,1982,2005,1920,1862,1852,1816,1794,1778
9160852527,Master,2205,2098,2132,2174,2246,2213,2195,2087,2128,2154
7903413068,Candidate Master,2089,2012,2070,2082,2097,2148,2093,2143,2256,2223
3224563567,Master,2228,2115,2052,2099,1957,1870,1741,1699,1372,1268
4713144492,Master,2147,1963,1813,1797,1721,1785,1792,1748,1739,1772
7252399906,Candidate Master,2043,1934,1914,1774,1778,1727,1675,1765,1620,1586
6711646070,Candidate Master,2030,2007,1975,1942,1910,1971,2007,1887,1871,1890
8458231393,Master,2237,2311,2346,2423,2427,2294,2354,2330,2370,2373
5380813886,Candidate Master,2018,1885,1958,2013,1968,1978,1967,2027,1998,1879
7144327026,Master,2128,2067,2067,1929,1927,1904,1918,1895,1935,1955
8344340561,Master,2195,2271,2271,2233,2221,2157,2221,2245,2272,2292
6811564965,Candidate Master,2034,2246,2128,2108,2086,2140,2060,1989,2180,2196
7534780732,Master,2193,2216,2249,2247,2236,2224,2212,2241,2199,2198
2811501830,Master,2251,2096,2110,2079,2129,2112,1976,2133,2150,2134
5649454545,Candidate Master,2046,2081,2033,2022,2049,1971,1952,2023,1954,1862
4866555724,Master,2143,2057,2097,1998,2038,1977,1831,1854,1860,1897
9317322362,Master,2133,2105,2072,1979,1935,1923,1963,1955,1962,1878
2221220079,Master,2152,2149,2126,2135,2121,2137,2245,2161,2070,1923
4667819235,Master,2171,2094,2110,2069,2219,2207,2281,2137,2071,2124
2079695146,Master,2279,2386,2411,2462,2497,2411,2341,2602,2601,2540
4369945500,Candidate Master,2057,2026,1980,1946,2037,1903,1667,1497,1191,719
2052362989,Candidate Master,1999,2014,2070,2077,2065,2067,2117,2143,2214,2206
9605195327,Master,2144,2180,2200,2219,2245,2276,2057,1853,1885,2168
5544760350,Candidate Master,2029,1954,1942,1909,1956,2026,1954,1816,1846,1899
4028460875,Master,2112,2067,1971,1949,1912,1925,1924,1889,1822,1981
6640735352,Candidate Master,1991,1941,1802,1733,1956,1983,1959,1927,2018,1786
7578804858,Candidate Master,1992,1975,2006,2051,1944,1994,2017,1979,2066,1882
7790119427,Master,2130,2192,2183,2132,2104,2031,2039,2128,2158,2199
3258156235,Master,2124,1970,1946,1905,1864,1880,1736,1668,1487,1145
9267698428,Master,2229,2160,2122,2120,2054,1973,2017,2055,2048,2006
3434798283,Master,2137,2051,1976,2048,2041,1995,1923,1863,1772,1736
7993325162,Master,2102,1981,2026,2001,1972,1902,1798,1860,1802,1825
7801901053,Candidate Master,2072,2006,1988,1951,1931,1990,1942,1898,1932,1915
9782522776,Candidate Master,2032,2018,1949,2029,2058,1991,1821,1871,1887,1959
6707987822,Candidate Master,2027,1719,1658,1510,1487,1466,1455,1359,1393,1304
3129959037,Master,2122,2087,1942,1873,1655,1727,1655,1603,1659,1651
5411920239,Master,2240,2329,2378,2419,2391,2365,2325,2244,2239,2273
1704530302,Master,2287,2203,2001,1913,1981,1496,919,,,
1837582977,Candidate Master,2073,2054,1986,1985,1944,1909,1878,1936,1989,1967
6521454639,Master,2204,2112,2046,2023,1916,1722,1730,1625,1645,1410
3107625779,Master,2128,2060,2079,2159,2144,2131,2069,2043,2028,2000
8316712348,Master,2227,2188,2006,1734,1879,2018,2005,1929,2231,2253
1031464027,Master,2256,2203,2213,2119,2120,2161,2215,2260,2256,2312
8089538719,Candidate Master,2043,1880,2137,1952,1993,2063,2055,2024,2163,2229
5897767028,Master,2124,2050,1943,1916,1831,1828,1672,1631,1550,1603
7412771321,Candidate Master,1993,1936,1944,1916,1817,1902,1814,1818,1898,1868
3403493249,Candidate Master,1983,1915,1959,2019,1881,1784,1822,1864,1853,1866
7070562258,Candidate Master,2059,1989,2045,2034,2121,2088,2036,1908,1923,1920
6392545751,Master,2137,2153,2244,2272,2258,2028,2139,2059,1953,1956
5863614257,Master,2105,1999,1585,973,,,,,,
6891684543,Master,2124,2101,2016,2011,2123,2063,1945,1880,2015,1997
2514953341,Candidate Master,2047,2013,2103,2028,2038,1894,1810,1693,1653,
4352066495,Master,2197,2080,2047,1997,1969,1987,2003,1946,1979,1986
9934183936,Master,2190,2229,1967,1973,1978,1925,1927,1914,1950,1953
6933174658,Candidate Master,2060,2020,1932,1988,1926,2042,1850,1797,1635,1644
9815515770,Master,2186,2040,2140,2190,2184,2269,2316,2253,2161,2046
6813880545,Master,2198,2151,2184,2089,2050,2011,2088,2142,2038,1972
3612288943,Master,2107,2133,2095,2061,1946,1919,1967,2003,2078,2001
4881575912,Master,2250,2231,2176,2153,2264,2289,2376,2364,2487,2451
1254605885,Candidate Master,2030,2022,1939,1907,2080,1992,2016,1934,1868,1729
2143331745,Master,2168,2059,2070,1931,2105,2099,1866,1799,1870,1755
6884063241,Master,2248,2215,2280,2244,2219,2220,2059,2109,2147,2162
1185915916,Master,2226,2274,2098,2008,2102,2146,2185,2208,2260,2222
6309982432,Candidate Master,2089,2185,2096,2033,1894,1742,1405,827,,
9835920448,Candidate Master,2077,2100,2109,2115,2167,2145,2147,2095,1957,2056
9480350921,Candidate Master,2000,1951,1900,1927,1820,1787,1721,1686,1681,1592
7473555183,Candidate Master,1977,1910,1974,1823,1796,1790,1829,1717,1676,1716
7812437094,Candidate Master,2066,2098,1888,1788,1689,1386,1111,679,,
7119479728,Master,2157,2118,1818,1684,1387,787,,,,
1504914733,Master,2243,2191,2052,1936,1622,1297,693,,,
